addrCd,gungu,sido,resNm,rnum,csForCnt,csNatCnt
1111,쭹풤,쨠聳싴썋,칙었쏶,1,14137,43677
1111,쭹풤,쨠聳싴썋,칙었쏶,1,14137,43677
1111,쭹풤,쨠聳싴썋,칙었쏶,1,14137,43677
1111,쭹풤,쨠聳싴썋,칙었쏶,1,14137,43677
1111,쭹풤,쨠聳싴썋,칙었쏶,1,14137,43677
1111,쭹풤,쨠聳싴썋,칙었쏶,1,14137,43677
1111,쭹풤,쨠聳싴썋,칙었쏶,1,14137,43677
1111,쭹풤,쨠聳싴썋,칙었쏶,1,14137,43677
1111,쭹풤,쨠聳싴썋,칙었쏶,1,14137,43677
1111,쭹풤,쨠聳싴썋,칙었쏶,1,14137,43677
1111,쭹풤,쨠聳싴썋,칙었쏶,1,14137,43677
1111,쭹풤,쨠聳싴썋,칙었쏶,1,14137,43677
1111,쭹풤,쨠聳싴썋,칙었쏶,1,14137,43677
1111,쭹풤,쨠聳싴썋,칙었쏶,1,14137,43677
1111,쭹풤,쨠聳싴썋,칙었쏶,1,14137,43677
1111,쭹풤,쨠聳싴썋,칙었쏶,1,14137,43677
1111,쭹풤,쨠聳싴썋,칙었쏶,1,14137,43677
1111,쭹풤,쨠聳싴썋,칙었쏶,1,14137,43677
1111,쭹풤,쨠聳싴썋,칙었쏶,1,14137,43677
1111,쭹풤,쨠聳싴썋,칙었쏶,1,14137,43677
1111,쭹풤,쨠聳싴썋,칙었쏶,1,14137,43677
1111,쭹풤,쨠聳싴썋,칙었쏶,1,14137,43677
1111,쭹풤,쨠聳싴썋,칙었쏶,1,14137,43677
1111,쭹풤,쨠聳싴썋,칙었쏶,1,14137,43677
1111,쭹풤,쨠聳싴썋,칙었쏶,1,14137,43677
1111,쭹풤,쨠聳싴썋,칙었쏶,1,14137,43677
1111,쭹풤,쨠聳싴썋,칙었쏶,1,14137,43677
1111,쭹풤,쨠聳싴썋,칙었쏶,1,14137,43677
1111,쭹풤,쨠聳싴썋,칙었쏶,1,14137,43677
1111,쭹풤,쨠聳싴썋,칙었쏶,1,14137,43677
1111,쭹풤,쨠聳싴썋,칙었쏶,1,14137,43677
1111,쭹풤,쨠聳싴썋,칙었쏶,1,14137,43677
1111,쭹풤,쨠聳싴썋,칙었쏶,1,14137,43677
1111,쭹풤,쨠聳싴썋,칙었쏶,1,14137,43677
1111,쭹풤,쨠聳싴썋,칙었쏶,1,14137,43677
1111,쭹풤,쨠聳싴썋,칙었쏶,1,14137,43677
1111,쭹풤,쨠聳싴썋,칙었쏶,1,14137,43677
1111,쭹풤,쨠聳싴썋,칙었쏶,1,14137,43677
1111,쭹풤,쨠聳싴썋,칙었쏶,1,14137,43677
1111,쭹풤,쨠聳싴썋,칙었쏶,1,14137,43677
1111,쭹풤,쨠聳싴썋,칙었쏶,1,14137,43677
1111,쭹풤,쨠聳싴썋,칙었쏶,1,14137,43677
1111,쭹풤,쨠聳싴썋,칙었쏶,1,14137,43677
1111,쭹풤,쨠聳싴썋,칙었쏶,1,14137,43677
1111,쭹풤,쨠聳싴썋,칙었쏶,1,14137,43677
1111,쭹풤,쨠聳싴썋,칙었쏶,1,14137,43677
1111,쭹풤,쨠聳싴썋,칙었쏶,1,14137,43677
1111,쭹풤,쨠聳싴썋,칙었쏶,1,14137,43677
1111,쭹풤,쨠聳싴썋,칙었쏶,1,14137,43677
1111,쭹풤,쨠聳싴썋,칙었쏶,1,14137,43677
1111,쭹풤,쨠聳싴썋,칙었쏶,1,14137,43677
1111,쭹풤,쨠聳싴썋,칙었쏶,1,14137,43677
1111,쭹풤,쨠聳싴썋,칙었쏶,1,14137,43677
1111,쭹풤,쨠聳싴썋,칙었쏶,1,14137,43677
1111,쭹풤,쨠聳싴썋,칙었쏶,1,14137,43677
1111,쭹풤,쨠聳싴썋,칙었쏶,1,14137,43677
1111,쭹풤,쨠聳싴썋,칙었쏶,1,14137,43677
1111,쭹풤,쨠聳싴썋,칙었쏶,1,14137,43677
1111,쭹풤,쨠聳싴썋,칙었쏶,1,14137,43677
1111,쭹풤,쨠聳싴썋,칙었쏶,1,14137,43677
1111,쭹풤,쨠聳싴썋,칙었쏶,1,14137,43677
1111,쭹풤,쨠聳싴썋,칙었쏶,1,14137,43677
1111,쭹풤,쨠聳싴썋,칙었쏶,1,14137,43677
1111,쭹풤,쨠聳싴썋,칙었쏶,1,14137,43677
1111,쭹풤,쨠聳싴썋,칙었쏶,1,14137,43677
1111,쭹풤,쨠聳싴썋,칙었쏶,1,14137,43677
1111,쭹풤,쨠聳싴썋,칙었쏶,1,14137,43677
1111,쭹풤,쨠聳싴썋,칙었쏶,1,14137,43677
1111,쭹풤,쨠聳싴썋,칙었쏶,1,14137,43677
1111,쭹풤,쨠聳싴썋,칙었쏶,1,14137,43677
1111,쭹풤,쨠聳싴썋,칙었쏶,1,14137,43677
1111,쭹풤,쨠聳싴썋,칙었쏶,1,14137,43677
1111,쭹풤,쨠聳싴썋,칙었쏶,1,14137,43677
1111,쭹풤,쨠聳싴썋,칙었쏶,1,14137,43677
1111,쭹풤,쨠聳싴썋,칙었쏶,1,14137,43677
1111,쭹풤,쨠聳싴썋,칙었쏶,1,14137,43677
1111,쭹풤,쨠聳싴썋,칙었쏶,1,14137,43677
1111,쭹풤,쨠聳싴썋,칙었쏶,1,14137,43677
1111,쭹풤,쨠聳싴썋,칙었쏶,1,14137,43677
1111,쭹풤,쨠聳싴썋,칙었쏶,1,14137,43677
1111,쭹풤,쨠聳싴썋,칙었쏶,1,14137,43677
1111,쭹풤,쨠聳싴썋,칙었쏶,1,14137,43677
1111,쭹풤,쨠聳싴썋,칙었쏶,1,14137,43677
1111,쭹풤,쨠聳싴썋,칙었쏶,1,14137,43677
1111,쭹풤,쨠聳싴썋,칙었쏶,1,14137,43677
1111,쭹풤,쨠聳싴썋,칙었쏶,1,14137,43677
1111,쭹풤,쨠聳싴썋,칙었쏶,1,14137,43677
1111,쭹풤,쨠聳싴썋,칙었쏶,1,14137,43677
1111,쭹풤,쨠聳싴썋,칙었쏶,1,14137,43677
1111,쭹풤,쨠聳싴썋,칙었쏶,1,14137,43677
1111,쭹풤,쨠聳싴썋,칙었쏶,1,14137,43677
1111,쭹풤,쨠聳싴썋,칙었쏶,1,14137,43677
1111,쭹풤,쨠聳싴썋,칙었쏶,1,14137,43677
1111,쭹풤,쨠聳싴썋,칙었쏶,1,14137,43677
1111,쭹풤,쨠聳싴썋,칙었쏶,1,14137,43677
1111,쭹풤,쨠聳싴썋,칙었쏶,1,14137,43677
1111,쭹풤,쨠聳싴썋,칙었쏶,1,14137,43677
1111,쭹풤,쨠聳싴썋,칙었쏶,1,14137,43677
1111,쭹풤,쨠聳싴썋,칙었쏶,1,14137,43677
1111,쭹풤,쨠聳싴썋,칙었쏶,1,14137,43677
addrCd,gungu,sido,resNm,rnum,csForCnt,csNatCnt
1111,쭹풤,쨠聳싴썋,칙었쏶,1,14137,43677
1111,쭹풤,쨠聳싴썋,칙었쏶,1,14137,43677
1111,쭹풤,쨠聳싴썋,칙었쏶,1,14137,43677
1111,쭹풤,쨠聳싴썋,칙었쏶,1,14137,43677
1111,쭹풤,쨠聳싴썋,칙었쏶,1,14137,43677
1111,쭹풤,쨠聳싴썋,칙었쏶,1,14137,43677
1111,쭹풤,쨠聳싴썋,칙었쏶,1,14137,43677
1111,쭹풤,쨠聳싴썋,칙었쏶,1,14137,43677
1111,쭹풤,쨠聳싴썋,칙었쏶,1,14137,43677
1111,쭹풤,쨠聳싴썋,칙었쏶,1,14137,43677
1111,쭹풤,쨠聳싴썋,칙었쏶,1,14137,43677
1111,쭹풤,쨠聳싴썋,칙었쏶,1,14137,43677
1111,쭹풤,쨠聳싴썋,칙었쏶,1,14137,43677
1111,쭹풤,쨠聳싴썋,칙었쏶,1,14137,43677
1111,쭹풤,쨠聳싴썋,칙었쏶,1,14137,43677
1111,쭹풤,쨠聳싴썋,칙었쏶,1,14137,43677
1111,쭹풤,쨠聳싴썋,칙었쏶,1,14137,43677
1111,쭹풤,쨠聳싴썋,칙었쏶,1,14137,43677
1111,쭹풤,쨠聳싴썋,칙었쏶,1,14137,43677
1111,쭹풤,쨠聳싴썋,칙었쏶,1,14137,43677
1111,쭹풤,쨠聳싴썋,칙었쏶,1,14137,43677
1111,쭹풤,쨠聳싴썋,칙었쏶,1,14137,43677
1111,쭹풤,쨠聳싴썋,칙었쏶,1,14137,43677
1111,쭹풤,쨠聳싴썋,칙었쏶,1,14137,43677
1111,쭹풤,쨠聳싴썋,칙었쏶,1,14137,43677
1111,쭹풤,쨠聳싴썋,칙었쏶,1,14137,43677
1111,쭹풤,쨠聳싴썋,칙었쏶,1,14137,43677
1111,쭹풤,쨠聳싴썋,칙었쏶,1,14137,43677
1111,쭹풤,쨠聳싴썋,칙었쏶,1,14137,43677
1111,쭹풤,쨠聳싴썋,칙었쏶,1,14137,43677
1111,쭹풤,쨠聳싴썋,칙었쏶,1,14137,43677
1111,쭹풤,쨠聳싴썋,칙었쏶,1,14137,43677
1111,쭹풤,쨠聳싴썋,칙었쏶,1,14137,43677
1111,쭹풤,쨠聳싴썋,칙었쏶,1,14137,43677
1111,쭹풤,쨠聳싴썋,칙었쏶,1,14137,43677
1111,쭹풤,쨠聳싴썋,칙었쏶,1,14137,43677
1111,쭹풤,쨠聳싴썋,칙었쏶,1,14137,43677
1111,쭹풤,쨠聳싴썋,칙었쏶,1,14137,43677
1111,쭹풤,쨠聳싴썋,칙었쏶,1,14137,43677
1111,쭹풤,쨠聳싴썋,칙었쏶,1,14137,43677
1111,쭹풤,쨠聳싴썋,칙었쏶,1,14137,43677
1111,쭹풤,쨠聳싴썋,칙었쏶,1,14137,43677
1111,쭹풤,쨠聳싴썋,칙었쏶,1,14137,43677
1111,쭹풤,쨠聳싴썋,칙었쏶,1,14137,43677
1111,쭹풤,쨠聳싴썋,칙었쏶,1,14137,43677
1111,쭹풤,쨠聳싴썋,칙었쏶,1,14137,43677
1111,쭹풤,쨠聳싴썋,칙었쏶,1,14137,43677
1111,쭹풤,쨠聳싴썋,칙었쏶,1,14137,43677
1111,쭹풤,쨠聳싴썋,칙었쏶,1,14137,43677
1111,쭹풤,쨠聳싴썋,칙었쏶,1,14137,43677
1111,쭹풤,쨠聳싴썋,칙었쏶,1,14137,43677
1111,쭹풤,쨠聳싴썋,칙었쏶,1,14137,43677
1111,쭹풤,쨠聳싴썋,칙었쏶,1,14137,43677
1111,쭹풤,쨠聳싴썋,칙었쏶,1,14137,43677
1111,쭹풤,쨠聳싴썋,칙었쏶,1,14137,43677
1111,쭹풤,쨠聳싴썋,칙었쏶,1,14137,43677
1111,쭹풤,쨠聳싴썋,칙었쏶,1,14137,43677
1111,쭹풤,쨠聳싴썋,칙었쏶,1,14137,43677
1111,쭹풤,쨠聳싴썋,칙었쏶,1,14137,43677
1111,쭹풤,쨠聳싴썋,칙었쏶,1,14137,43677
1111,쭹풤,쨠聳싴썋,칙었쏶,1,14137,43677
1111,쭹풤,쨠聳싴썋,칙었쏶,1,14137,43677
1111,쭹풤,쨠聳싴썋,칙었쏶,1,14137,43677
1111,쭹풤,쨠聳싴썋,칙었쏶,1,14137,43677
1111,쭹풤,쨠聳싴썋,칙었쏶,1,14137,43677
1111,쭹풤,쨠聳싴썋,칙었쏶,1,14137,43677
1111,쭹풤,쨠聳싴썋,칙었쏶,1,14137,43677
1111,쭹풤,쨠聳싴썋,칙었쏶,1,14137,43677
1111,쭹풤,쨠聳싴썋,칙었쏶,1,14137,43677
1111,쭹풤,쨠聳싴썋,칙었쏶,1,14137,43677
1111,쭹풤,쨠聳싴썋,칙었쏶,1,14137,43677
1111,쭹풤,쨠聳싴썋,칙었쏶,1,14137,43677
1111,쭹풤,쨠聳싴썋,칙었쏶,1,14137,43677
1111,쭹풤,쨠聳싴썋,칙었쏶,1,14137,43677
1111,쭹풤,쨠聳싴썋,칙었쏶,1,14137,43677
1111,쭹풤,쨠聳싴썋,칙었쏶,1,14137,43677
1111,쭹풤,쨠聳싴썋,칙었쏶,1,14137,43677
1111,쭹풤,쨠聳싴썋,칙었쏶,1,14137,43677
1111,쭹풤,쨠聳싴썋,칙었쏶,1,14137,43677
1111,쭹풤,쨠聳싴썋,칙었쏶,1,14137,43677
1111,쭹풤,쨠聳싴썋,칙었쏶,1,14137,43677
1111,쭹풤,쨠聳싴썋,칙었쏶,1,14137,43677
1111,쭹풤,쨠聳싴썋,칙었쏶,1,14137,43677
1111,쭹풤,쨠聳싴썋,칙었쏶,1,14137,43677
1111,쭹풤,쨠聳싴썋,칙었쏶,1,14137,43677
1111,쭹풤,쨠聳싴썋,칙었쏶,1,14137,43677
1111,쭹풤,쨠聳싴썋,칙었쏶,1,14137,43677
1111,쭹풤,쨠聳싴썋,칙었쏶,1,14137,43677
1111,쭹풤,쨠聳싴썋,칙었쏶,1,14137,43677
1111,쭹풤,쨠聳싴썋,칙었쏶,1,14137,43677
1111,쭹풤,쨠聳싴썋,칙었쏶,1,14137,43677
1111,쭹풤,쨠聳싴썋,칙었쏶,1,14137,43677
1111,쭹풤,쨠聳싴썋,칙었쏶,1,14137,43677
1111,쭹풤,쨠聳싴썋,칙었쏶,1,14137,43677
1111,쭹풤,쨠聳싴썋,칙었쏶,1,14137,43677
1111,쭹풤,쨠聳싴썋,칙었쏶,1,14137,43677
1111,쭹풤,쨠聳싴썋,칙었쏶,1,14137,43677
1111,쭹풤,쨠聳싴썋,칙었쏶,1,14137,43677
1111,쭹풤,쨠聳싴썋,칙었쏶,1,14137,43677
1111,쭹풤,쨠聳싴썋,칙었쏶,1,14137,43677
addrCd,gungu,sido,resNm,rnum,csForCnt,csNatCnt
1111,쭹풤,쨠聳싴썋,칙었쏶,1,14137,43677
1111,쭹풤,쨠聳싴썋,칙었쏶,1,14137,43677
1111,쭹풤,쨠聳싴썋,칙었쏶,1,14137,43677
1111,쭹풤,쨠聳싴썋,칙었쏶,1,14137,43677
1111,쭹풤,쨠聳싴썋,칙었쏶,1,14137,43677
1111,쭹풤,쨠聳싴썋,칙었쏶,1,14137,43677
1111,쭹풤,쨠聳싴썋,칙었쏶,1,14137,43677
1111,쭹풤,쨠聳싴썋,칙었쏶,1,14137,43677
1111,쭹풤,쨠聳싴썋,칙었쏶,1,14137,43677
1111,쭹풤,쨠聳싴썋,칙었쏶,1,14137,43677
1111,쭹풤,쨠聳싴썋,칙었쏶,1,14137,43677
1111,쭹풤,쨠聳싴썋,칙었쏶,1,14137,43677
1111,쭹풤,쨠聳싴썋,칙었쏶,1,14137,43677
1111,쭹풤,쨠聳싴썋,칙었쏶,1,14137,43677
1111,쭹풤,쨠聳싴썋,칙었쏶,1,14137,43677
1111,쭹풤,쨠聳싴썋,칙었쏶,1,14137,43677
1111,쭹풤,쨠聳싴썋,칙었쏶,1,14137,43677
1111,쭹풤,쨠聳싴썋,칙었쏶,1,14137,43677
1111,쭹풤,쨠聳싴썋,칙었쏶,1,14137,43677
1111,쭹풤,쨠聳싴썋,칙었쏶,1,14137,43677
1111,쭹풤,쨠聳싴썋,칙었쏶,1,14137,43677
1111,쭹풤,쨠聳싴썋,칙었쏶,1,14137,43677
1111,쭹풤,쨠聳싴썋,칙었쏶,1,14137,43677
1111,쭹풤,쨠聳싴썋,칙었쏶,1,14137,43677
1111,쭹풤,쨠聳싴썋,칙었쏶,1,14137,43677
1111,쭹풤,쨠聳싴썋,칙었쏶,1,14137,43677
1111,쭹풤,쨠聳싴썋,칙었쏶,1,14137,43677
1111,쭹풤,쨠聳싴썋,칙었쏶,1,14137,43677
1111,쭹풤,쨠聳싴썋,칙었쏶,1,14137,43677
1111,쭹풤,쨠聳싴썋,칙었쏶,1,14137,43677
1111,쭹풤,쨠聳싴썋,칙었쏶,1,14137,43677
1111,쭹풤,쨠聳싴썋,칙었쏶,1,14137,43677
1111,쭹풤,쨠聳싴썋,칙었쏶,1,14137,43677
1111,쭹풤,쨠聳싴썋,칙었쏶,1,14137,43677
1111,쭹풤,쨠聳싴썋,칙었쏶,1,14137,43677
1111,쭹풤,쨠聳싴썋,칙었쏶,1,14137,43677
1111,쭹풤,쨠聳싴썋,칙었쏶,1,14137,43677
1111,쭹풤,쨠聳싴썋,칙었쏶,1,14137,43677
1111,쭹풤,쨠聳싴썋,칙었쏶,1,14137,43677
1111,쭹풤,쨠聳싴썋,칙었쏶,1,14137,43677
1111,쭹풤,쨠聳싴썋,칙었쏶,1,14137,43677
1111,쭹풤,쨠聳싴썋,칙었쏶,1,14137,43677
1111,쭹풤,쨠聳싴썋,칙었쏶,1,14137,43677
1111,쭹풤,쨠聳싴썋,칙었쏶,1,14137,43677
1111,쭹풤,쨠聳싴썋,칙었쏶,1,14137,43677
1111,쭹풤,쨠聳싴썋,칙었쏶,1,14137,43677
1111,쭹풤,쨠聳싴썋,칙었쏶,1,14137,43677
1111,쭹풤,쨠聳싴썋,칙었쏶,1,14137,43677
1111,쭹풤,쨠聳싴썋,칙었쏶,1,14137,43677
1111,쭹풤,쨠聳싴썋,칙었쏶,1,14137,43677
1111,쭹풤,쨠聳싴썋,칙었쏶,1,14137,43677
1111,쭹풤,쨠聳싴썋,칙었쏶,1,14137,43677
1111,쭹풤,쨠聳싴썋,칙었쏶,1,14137,43677
1111,쭹풤,쨠聳싴썋,칙었쏶,1,14137,43677
1111,쭹풤,쨠聳싴썋,칙었쏶,1,14137,43677
1111,쭹풤,쨠聳싴썋,칙었쏶,1,14137,43677
1111,쭹풤,쨠聳싴썋,칙었쏶,1,14137,43677
1111,쭹풤,쨠聳싴썋,칙었쏶,1,14137,43677
1111,쭹풤,쨠聳싴썋,칙었쏶,1,14137,43677
1111,쭹풤,쨠聳싴썋,칙었쏶,1,14137,43677
1111,쭹풤,쨠聳싴썋,칙었쏶,1,14137,43677
1111,쭹풤,쨠聳싴썋,칙었쏶,1,14137,43677
1111,쭹풤,쨠聳싴썋,칙었쏶,1,14137,43677
1111,쭹풤,쨠聳싴썋,칙었쏶,1,14137,43677
1111,쭹풤,쨠聳싴썋,칙었쏶,1,14137,43677
1111,쭹풤,쨠聳싴썋,칙었쏶,1,14137,43677
1111,쭹풤,쨠聳싴썋,칙었쏶,1,14137,43677
1111,쭹풤,쨠聳싴썋,칙었쏶,1,14137,43677
1111,쭹풤,쨠聳싴썋,칙었쏶,1,14137,43677
1111,쭹풤,쨠聳싴썋,칙었쏶,1,14137,43677
1111,쭹풤,쨠聳싴썋,칙었쏶,1,14137,43677
1111,쭹풤,쨠聳싴썋,칙었쏶,1,14137,43677
1111,쭹풤,쨠聳싴썋,칙었쏶,1,14137,43677
1111,쭹풤,쨠聳싴썋,칙었쏶,1,14137,43677
1111,쭹풤,쨠聳싴썋,칙었쏶,1,14137,43677
1111,쭹풤,쨠聳싴썋,칙었쏶,1,14137,43677
1111,쭹풤,쨠聳싴썋,칙었쏶,1,14137,43677
1111,쭹풤,쨠聳싴썋,칙었쏶,1,14137,43677
1111,쭹풤,쨠聳싴썋,칙었쏶,1,14137,43677
1111,쭹풤,쨠聳싴썋,칙었쏶,1,14137,43677
1111,쭹풤,쨠聳싴썋,칙었쏶,1,14137,43677
1111,쭹풤,쨠聳싴썋,칙었쏶,1,14137,43677
1111,쭹풤,쨠聳싴썋,칙었쏶,1,14137,43677
1111,쭹풤,쨠聳싴썋,칙었쏶,1,14137,43677
1111,쭹풤,쨠聳싴썋,칙었쏶,1,14137,43677
1111,쭹풤,쨠聳싴썋,칙었쏶,1,14137,43677
1111,쭹풤,쨠聳싴썋,칙었쏶,1,14137,43677
1111,쭹풤,쨠聳싴썋,칙었쏶,1,14137,43677
1111,쭹풤,쨠聳싴썋,칙었쏶,1,14137,43677
1111,쭹풤,쨠聳싴썋,칙었쏶,1,14137,43677
1111,쭹풤,쨠聳싴썋,칙었쏶,1,14137,43677
1111,쭹풤,쨠聳싴썋,칙었쏶,1,14137,43677
1111,쭹풤,쨠聳싴썋,칙었쏶,1,14137,43677
1111,쭹풤,쨠聳싴썋,칙었쏶,1,14137,43677
1111,쭹풤,쨠聳싴썋,칙었쏶,1,14137,43677
1111,쭹풤,쨠聳싴썋,칙었쏶,1,14137,43677
1111,쭹풤,쨠聳싴썋,칙었쏶,1,14137,43677
1111,쭹풤,쨠聳싴썋,칙었쏶,1,14137,43677
1111,쭹풤,쨠聳싴썋,칙었쏶,1,14137,43677
1111,쭹풤,쨠聳싴썋,칙었쏶,1,14137,43677
